insert into hero (id, herotypeid, level, dmg, armor, magicresist, speed, luck, critchance, critdamage, dodgechance, blockchance, hp) values (1, 'b6d04634-3a5d-11e7-a919-92ebcb67fe33',1,  100, 100, 100, 1, 1, 0, -1, 0, 0, 1000);
insert into hero (id, herotypeid,level, dmg, armor, magicresist, speed, luck, critchance, critdamage, dodgechance, blockchance, hp) values (2, 'b6d04634-3a5d-11e7-a919-92ebcb67fe33',1,  100, 100, 100, 1, 1, 0, -1, 0, 0, 1000);
insert into hero (id, herotypeid,level, dmg, armor, magicresist, speed, luck, critchance, critdamage, dodgechance, blockchance, hp) values (3, 'b6d04634-3a5d-11e7-a919-92ebcb67fe33',1,  100, 100, 100, 1, 1, 0, -1, 0, 0, 1000);
insert into hero (id, herotypeid,level, dmg, armor, magicresist, speed, luck, critchance, critdamage, dodgechance, blockchance, hp) values (4, 'b6d04634-3a5d-11e7-a919-92ebcb67fe33',1,  100, 100, 100, 1, 1, 0, -1, 0, 0, 1000);
insert into hero (id, herotypeid,level, dmg, armor, magicresist, speed, luck, critchance, critdamage, dodgechance, blockchance, hp) values (5, 'ba47d020-3a67-11e7-a919-92ebcb67fe33',1,  100, 100, 100, 1, 1, 0, -1, 0, 0, 1000);
insert into hero (id, herotypeid,level, dmg, armor, magicresist, speed, luck, critchance, critdamage, dodgechance, blockchance, hp) values (6, 'ba47d020-3a67-11e7-a919-92ebcb67fe33',1,  100, 100, 100, 1, 1, 0, -1, 0, 0, 1000);


insert into formation(id) values (1);
insert into formation(id) values (2);

insert into positionedhero(id, idhero, battlePosition, idformation) values (1, 1, 0, 1);
insert into positionedhero(id, idhero, battlePosition, idformation) values (2, 2, 1, 1);
insert into positionedhero(id, idhero, battlePosition, idformation) values (5, 5, 2, 1);
insert into positionedhero(id, idhero, battlePosition, idformation) values (3, 3, 0, 2);
insert into positionedhero(id, idhero, battlePosition, idformation) values (4, 4, 1, 2);
insert into positionedhero(id, idhero, battlePosition, idformation) values (6, 6, 2, 2);

